<?xml version="1.0" encoding="UTF-8"?>
<beans xmlns="http://www.springframework.org/schema/beans"
	xmlns:xsi="http://www.w3.org/2001/XMLSchema-instance"
	xmlns:context="http://www.springframework.org/schema/context"
	xmlns:tx="http://www.springframework.org/schema/tx"
	xmlns:aop="http://www.springframework.org/schema/aop"
	xsi:schemaLocation="http://www.springframework.org/schema/beans https://www.springframework.org/schema/beans/spring-beans.xsd
		http://www.springframework.org/schema/context http://www.springframework.org/schema/context/spring-context-4.3.xsd
		http://www.springframework.org/schema/aop http://www.springframework.org/schema/aop/spring-aop-4.3.xsd
		http://www.springframework.org/schema/tx http://www.springframework.org/schema/tx/spring-tx-4.3.xsd">

	<!-- Root Context: 모든 다른 웹 컴포넌트들에게 공유되는 자원 설정 -->
	
	<!--  어노테이션 자바 설정 활성화 -->
	<context:annotation-config/>
	
	<!-- 파일업로드 디렉토리 설정 -->
	<bean id="uploadPath" class="java.lang.String">
		<constructor-arg value="c:\\upload" />
	</bean>
		 
	 <!-- 스프링 AOP 활성화 -->
	 <aop:aspectj-autoproxy />
	 
	 <!-- kr.or.ddit.aop 패키지를 컴포넌트 스캔 대상으로 등록 -->
	 <context:component-scan base-package="kr.or.ddit.aop.ServiceLoggerAdvice" />
	
	
	<import resource="database-context.xml"/>
	<import resource="security-context.xml"/>
</beans>